Name,Gender,Age,Height,Weight,Date,DateTime
Alex,       M,41,74,170,25-10-2021,14-04-2021 00:37
Bert,       M,42,68,166,26-10-2021,24-01-2021 00:03
Carl,       M,32,70,155,28-10-2021,14-09-2021 15:11
Dave,       M,39,72,167,29-10-2021,19-04-2021 10:27
Elly,       F,30,66,124,05-11-2021,21-06-2021 08:14
Fran,       F,33,66,115,12-11-2021,25-02-2021 15:18
Gwen,       F,26,64,121,17-11-2021,18-04-2021 18:18
Hank,       M,30,71,158,19-11-2021,05-09-2021 14:55
Ivan,       M,53,72,175,24-11-2021,12-08-2021 10:10
Jake,       M,32,69,143,29-11-2021,03-05-2021 11:52
Kate,       F,47,69,139,30-11-2021,10-09-2021 13:59
Luke,       M,34,72,163,02-12-2021,24-04-2021 03:01
Myra,       F,23,62,98,08-12-2021,01-05-2021 16:33
Neil,       M,36,75,160,14-12-2021,08-02-2021 10:19
Omar,       M,38,70,145,20-12-2021,03-02-2021 01:56
Page,       F,31,67,135,21-12-2021,06-01-2021 03:34
Quin,       M,29,71,176,23-12-2021,23-08-2021 21:59
Ruth,       F,28,65,131,24-12-2021,08-04-2021 07:21
